{
  "index.html": 1624453160971,
  "controller/Worklist.controller.js": 1624542611388,
  "model/models.js": 1624453160971,
  "model/formatter.js": 1624453160971,
  "manifest.json": 1624544327075,
  "controller/Object.controller.js": 1624542599224,
  "controller/NotFound.controller.js": 1624542620968,
  "controller/ErrorHandler.js": 1624453160971,
  "controller/BaseController_old.js": 1624542647796,
  "controller/App.controller.js": 1624542670472,
  "Component.js": 1624453160971,
  "manifest-bundle.zip": 1624544327098,
  "Component-preload.js": 1624544327530,
  "model/formatter-dbg.js": 1624453160971,
  "model/models-dbg.js": 1624453160971,
  "controller/Worklist-dbg.controller.js": 1624542611388,
  "controller/Object-dbg.controller.js": 1624542599224,
  "controller/NotFound-dbg.controller.js": 1624542620968,
  "controller/ErrorHandler-dbg.js": 1624453160971,
  "controller/BaseController_old-dbg.js": 1624542647796,
  "controller/App-dbg.controller.js": 1624542670472,
  "Component-dbg.js": 1624453160971,
  "view/Worklist.view.xml": 1624544102316,
  "view/ObjectNotFound.view.xml": 1624453160971,
  "view/Object.view.xml": 1624453160971,
  "view/NotFound.view.xml": 1624453160971,
  "view/App.view.xml": 1624453160971,
  "test.html": 1624453160971,
  "i18n/i18n.properties": 1624453160971
}