{
  "controller/Worklist.controller.js": 1624450635051,
  "model/formatter.js": 1624450635055,
  "model/models.js": 1624450635055,
  "manifest.json": 1624451552009,
  "i18n/i18n.properties": 1624450635055,
  "controller/Object.controller.js": 1624450635051,
  "controller/NotFound.controller.js": 1624450635051,
  "controller/ErrorHandler.js": 1624450635051,
  "controller/BaseController.js": 1624450635051,
  "controller/App.controller.js": 1624450635051,
  "Component.js": 1624450635051,
  "manifest-bundle.zip": 1624451552023,
  "Component-preload.js": 1624451552423,
  "Component-dbg.js": 1624450635051,
  "model/formatter-dbg.js": 1624450635055,
  "controller/Worklist-dbg.controller.js": 1624450635051,
  "controller/Object-dbg.controller.js": 1624450635051,
  "controller/NotFound-dbg.controller.js": 1624450635051,
  "controller/ErrorHandler-dbg.js": 1624450635051,
  "controller/BaseController-dbg.js": 1624450635051,
  "controller/App-dbg.controller.js": 1624450635051,
  "model/models-dbg.js": 1624450635055,
  "view/Worklist.view.xml": 1624450635071,
  "view/ObjectNotFound.view.xml": 1624450635071,
  "view/Object.view.xml": 1624450635071,
  "view/NotFound.view.xml": 1624450635071,
  "view/App.view.xml": 1624450635067,
  "test.html": 1624450635067,
  "index.html": 1624450635055
}